[{"id":"user-image-3144456.png","publicUrl":"np://user.desktop.nicepage.com/Site_83211390/images/3144456.png","size":2845,"fileName":"3144456.png","name":"3144456","width":128,"height":128,"thumbnail":{"url":"np://user.desktop.nicepage.com/Site_83211390/images/thumbnails/3144456.png","width":128,"height":128,"length":2845,"type":"png"},"usages":["83711340","233533835","221920987","667822720"]},{"id":"user-image-1144760.png","publicUrl":"np://user.desktop.nicepage.com/Site_83211390/images/1144760.png","size":4873,"fileName":"1144760.png","name":"1144760","width":128,"height":128,"thumbnail":{"url":"np://user.desktop.nicepage.com/Site_83211390/images/thumbnails/1144760.png","width":128,"height":128,"length":4873,"type":"png"},"usages":["83711340","233533835","221920987","667822720"]}]